metric,unit,n_corpora,mean,std,ci_lower_95,ci_upper_95,min,max
memory_reduction_single,%,2,55.95099183260214,50.576737231331684,-398.4629632164929,510.36494688169716,20.187837966037378,91.7141456991669
load_time_speedup,x,2,4.453690483861463,5.203969228150813,-42.302117984005825,51.209498951728754,0.7739285535498996,8.133452414173027
memory_reduction_spawn,%,2,42.07120376249914,30.76606532040686,-234.350926032068,318.49333355706625,20.316310344011175,63.8260971809871
memory_reduction_fork,%,2,53.116864045193424,51.83644792795545,-412.6151425668608,518.8488706572476,16.46296020271277,89.77076788767408
