run_id,corpus,implementation,mode,compile_time_s,load_time_s,rss_before_mb,rss_after_mb,memory_used_mb,num_workers,total_rss_mb,per_worker_rss_mb,cache_size_mb
1,bhsa,TF,single,,7.017436666414142,0.0,6313.09375,6313.09375,,,,137.9158821105957
1,bhsa,CF,single,,0.8627869579941034,0.0,523.09375,523.09375,,,,859.2221565246582
1,bhsa,TF,spawn,,17.54983324930072,0.0,5847.015625,5847.015625,4.0,5847.015625,1461.75390625,
1,bhsa,CF,spawn,,2.354190791025758,0.0,2115.09375,2115.09375,4.0,2115.09375,528.7734375,
1,bhsa,TF,fork,,0.0,0.0,6461.109375,6461.109375,4.0,6461.109375,1615.27734375,
1,bhsa,CF,fork,,0.0,0.0,660.921875,660.921875,4.0,660.921875,165.23046875,
