run_id,corpus,implementation,mode,compile_time_s,load_time_s,rss_before_mb,rss_after_mb,memory_used_mb,num_workers,total_rss_mb,per_worker_rss_mb,cache_size_mb
1,cuc,TF,single,,0.016586707904934883,0.0,164.703125,164.703125,,,,0.2257223129272461
1,cuc,CF,single,,0.021431833505630493,0.0,131.453125,131.453125,,,,1.001260757446289
1,cuc,TF,spawn,,1.121655291877687,0.0,659.953125,659.953125,4.0,659.953125,164.98828125,
1,cuc,CF,spawn,,0.8676929175853729,0.0,525.875,525.875,4.0,525.875,131.46875,
1,cuc,TF,fork,,0.0,0.0,209.65625,209.65625,4.0,209.65625,52.4140625,
1,cuc,CF,fork,,0.0,0.0,175.140625,175.140625,4.0,175.140625,43.78515625,
