Metric,Text-Fabric,Context-Fabric,CF Improvement
Compile Time (s),60.72467541601509,93.12639262527227,1.53x slower
Load Time (s),7.302816167473793,2.488958166912198,2.93x faster
Memory Used (MB),4977.984375,167.125,96.6% less
Cache Size (MB),137.9158821105957,859.2221536636353,6.2x larger
