metric,unit,n_corpora,mean,std,ci_lower_95,ci_upper_95,min,max
memory_reduction_single,%,10,65.44273943012254,20.941769315795057,50.46190012645384,80.42357873379125,19.919926615322865,91.66667287448608
load_time_speedup,x,10,3.453216910431878,3.7545803235705133,0.7673519468777759,6.1390818739859805,0.51699738114411,12.91196179254885
memory_reduction_spawn,%,10,62.07637415036627,17.47683995688034,49.57419599235896,74.57855230837359,19.989983646285047,79.65834253874014
memory_reduction_fork,%,10,61.84046121951725,21.602609864122623,46.386885065845306,77.2940373731892,17.194617441044254,89.81997335982847
